id,center,x,y
0,1,-97.93496297,30.42879467
1,0,-97.93020807,30.23499252
2,0,-97.93373719,30.38555202
3,0,-97.95267019,30.38375172
4,0,-97.98345002,30.17521479
5,0,-97.93933575,30.18224464
6,0,-97.96669945,30.15782614
7,0,-97.99603102,30.01673999
8,0,-97.92522669,30.2974353
9,0,-97.98123875,30.226714
10,0,-97.97174912,30.40023764
11,0,-97.94663228,30.05832884
12,0,-97.94461953,30.04000977
13,0,-97.9889615,30.21147838
14,0,-97.92261287,30.10140444
15,0,-97.92318439,30.46146694
16,0,-97.94555769,30.01191626
17,0,-97.98343017,30.27145955
18,0,-97.95845109,30.03095092
19,0,-97.99154451,30.2291809
20,0,-97.94360952,30.40673434
21,0,-97.97802037,30.48361092
22,0,-97.99840171,30.30307689
23,0,-97.94594989,30.21271638
24,0,-97.93266541,30.16268964
25,0,-97.95042966,30.01263163
26,0,-97.99215256,30.19460791
27,0,-97.93735727,30.24746294
28,0,-97.97526062,30.30162319
29,0,-97.94784138,30.35926643
30,0,-97.93109378,30.05932314
31,0,-97.92330581,30.32560363
32,0,-97.99305899,30.47720103
33,0,-97.97815263,30.44440312
34,0,-97.98165445,30.48549009
35,0,-97.94364633,30.33622026
36,0,-97.95470681,30.08900738
37,0,-97.97275926,30.22769248
38,0,-97.95701158,30.0867691
39,0,-97.99599081,30.12034068
40,0,-97.98728366,30.47701026
41,0,-97.9793543,30.21555861
42,0,-97.95144098,30.32695098
43,0,-97.95915434,30.47590455
44,0,-97.97376938,30.30533576
45,0,-97.95032701,30.31299863
46,1,-97.95911039,30.05935621
47,0,-97.96296484,30.28279704
48,0,-97.97526241,30.29897647
49,0,-97.9839399,30.42838115
50,0,-97.98504187,30.09973276
51,0,-97.97424383,30.45626251
52,0,-97.9767019,30.47496924
53,0,-97.97879623,30.06910009
54,0,-97.93333748,30.48289271
55,0,-97.92765362,30.38919882
56,0,-97.9219367,30.2457955
57,0,-97.9384734,30.04905911
58,0,-97.97605984,30.00690994
59,0,-97.98971256,30.30486211
60,0,-97.96578211,30.44896259
61,0,-97.95625316,30.17788171
62,0,-97.92151802,30.26260239
63,0,-97.92417648,30.12320401
64,0,-97.94391,30.32196588
65,0,-97.9343603,30.31345379
66,0,-97.92055815,30.45608999
67,0,-97.98365053,30.11536263
68,0,-97.9783564,30.39846553
69,0,-97.9754832,30.40013509
70,0,-97.99420233,30.14168989
71,0,-97.9601916,30.10521321
72,0,-97.9324355,30.16333659
73,0,-97.93201589,30.35727067
74,0,-97.97396094,30.24549026
75,0,-97.99375408,30.08532537
76,0,-97.98444472,30.12677662
77,0,-97.98387348,30.31275341
78,0,-97.93392583,30.1011706
79,0,-97.94646639,30.38280396
80,0,-97.93244515,30.35038693
81,0,-97.98261307,30.08611261
82,0,-97.97565728,30.09355332
83,0,-97.95211569,30.28818231
84,0,-97.92055409,30.29436958
85,0,-97.92282216,30.26687165
86,0,-97.9484346,30.09395314
87,0,-97.93574308,30.13522236
88,0,-97.98027129,30.13368923
89,0,-97.92394565,30.36015568
90,0,-97.96972414,30.28745939
91,0,-97.9723753,30.03562683
92,1,-97.98423936,30.13981914
93,0,-97.93306205,30.32252234
94,0,-97.95129393,30.38340967
95,0,-97.92211556,30.45658092
96,0,-97.93825395,30.39960118
97,0,-97.97626328,30.0946869
98,0,-97.97326954,30.32134603
99,0,-97.98649487,30.1085465
100,0,-97.92363558,30.31713046
101,0,-97.92993606,30.39821195
102,0,-97.93776596,30.04030018
103,0,-97.97399646,30.22031638
104,0,-97.94718732,30.21499449
105,0,-97.9793381,30.31249288
106,0,-97.96794592,30.49441827
107,0,-97.93403774,30.36832301
108,0,-97.98776437,30.06337747
109,0,-97.93597442,30.23742721
110,0,-97.99521427,30.34116809
111,0,-97.97651675,30.01756891
112,0,-97.93826253,30.47690499
113,0,-97.92292175,30.41208588
114,0,-97.94011504,30.27543819
115,0,-97.98826027,30.16428031
116,0,-97.92166489,30.35919173
117,0,-97.95087462,30.31938088
118,0,-97.95985225,30.35102186
119,0,-97.96438968,30.35315259
120,0,-97.95012425,30.27779984
121,0,-97.96315973,30.00908975
122,0,-97.9486669,30.03902009
123,0,-97.99094071,30.30804833
124,0,-97.99128894,30.49570795
125,0,-97.95859226,30.10009017
126,0,-97.98717303,30.01808701
127,0,-97.98776726,30.00171789
128,0,-97.98271298,30.42731293
129,0,-97.97815298,30.1047501
130,0,-97.96791588,30.00659725
131,0,-97.9831894,30.3051763
132,0,-97.94878893,30.02938101
133,0,-97.9435678,30.32923464
134,0,-97.95266446,30.14659316
135,0,-97.99621095,30.34245177
136,0,-97.96338805,30.32144193
137,0,-97.99238321,30.20355184
138,1,-97.99654519,30.43382838
139,0,-97.95313609,30.3595318
140,0,-97.94697434,30.13024273
141,0,-97.92860071,30.47604088
142,0,-97.93890046,30.24252365
143,0,-97.96733909,30.12831253
144,0,-97.97355868,30.18078593
145,0,-97.97318225,30.42574728
146,0,-97.93021847,30.05968895
147,0,-97.96882825,30.11757695
148,0,-97.92061584,30.09676277
149,0,-97.98168877,30.31813166
150,0,-97.95076718,30.34282261
151,0,-97.95309831,30.24318247
152,0,-97.93392948,30.17369831
153,0,-97.93835959,30.11658621
154,0,-97.92019251,30.37891313
155,0,-97.93724057,30.37228706
156,0,-97.9258203,30.10231951
157,0,-97.98329743,30.48443873
158,0,-97.95187193,30.17003629
159,0,-97.92290353,30.18041102
160,0,-97.94573449,30.20287783
161,0,-97.9479329,30.4652789
162,0,-97.95813865,30.43859834
163,0,-97.97171815,30.08245967
164,0,-97.96753746,30.10581675
165,0,-97.99826462,30.28397078
166,0,-97.99950291,30.28854963
167,0,-97.95364645,30.00805342
168,0,-97.98227258,30.38757597
169,0,-97.9263976,30.21901241
170,0,-97.96257032,30.22404028
171,0,-97.94777957,30.16909058
172,0,-97.93186081,30.20790925
173,0,-97.94279831,30.21143818
174,0,-97.98010369,30.38716414
175,0,-97.99302594,30.39326374
176,0,-97.94058541,30.36212183
177,0,-97.95203454,30.22887099
178,0,-97.95363212,30.03414982
179,0,-97.92074935,30.17646114
180,0,-97.98957157,30.22126744
181,0,-97.95584493,30.14253726
182,0,-97.96441557,30.2645098
183,0,-97.95429274,30.49554772
184,1,-97.94025208,30.25500615
185,0,-97.97318442,30.22677425
186,0,-97.94206269,30.37717047
187,0,-97.94871084,30.32280856
188,0,-97.95134762,30.14839095
189,0,-97.94682471,30.23504334
190,0,-97.95530101,30.30704835
191,0,-97.97717287,30.23524061
192,0,-97.92841708,30.34399019
193,0,-97.96237822,30.28943524
194,0,-97.97258414,30.31920702
195,0,-97.98507059,30.4905278
196,0,-97.9701725,30.26500058
197,0,-97.98668212,30.3962279
198,0,-97.99963167,30.03558275
199,0,-97.94601922,30.33894638
200,0,-97.93401094,30.29417655
201,0,-97.94423751,30.1803533
202,0,-97.96685991,30.12284025
203,0,-97.93866917,30.09327999
204,0,-97.98337052,30.1119445
205,0,-97.96814497,30.49808566
206,0,-97.95074777,30.29637481
207,0,-97.93451928,30.13996668
208,0,-97.92623495,30.20642558
209,0,-97.95933875,30.48254878
210,0,-97.96420456,30.00209474
211,0,-97.95332829,30.30845274
212,0,-97.93209808,30.00645576
213,0,-97.99810749,30.06229677
214,0,-97.99094225,30.17894594
215,0,-97.97215094,30.3368343
216,0,-97.97239198,30.21562205
217,0,-97.96572174,30.03516329
218,0,-97.96448609,30.2552651
219,0,-97.92120751,30.16900963
220,0,-97.92432757,30.39967738
221,0,-97.9707723,30.17655413
222,0,-97.98531151,30.4694106
223,0,-97.94112365,30.4532982
224,0,-97.94076615,30.22839719
225,0,-97.93980539,30.20573219
226,0,-97.94239083,30.17826252
227,0,-97.93861116,30.12321199
228,0,-97.98100261,30.30291309
229,0,-97.93677167,30.38899093
230,1,-97.97197444,30.29473316
231,0,-97.93642997,30.07332365
232,0,-97.99778998,30.0301791
233,0,-97.9508095,30.33669666
234,0,-97.96937922,30.09842424
235,0,-97.95447875,30.14505948
236,0,-97.93313924,30.15896561
237,0,-97.93725564,30.00594429
238,0,-97.962161,30.1222849
239,0,-97.97043532,30.19325278
240,0,-97.98153985,30.32833291
241,0,-97.92086387,30.16039299
242,0,-97.97712606,30.42210719
243,0,-97.92056211,30.20337331
244,0,-97.97518905,30.46790136
245,0,-97.94949104,30.38090258
246,0,-97.99239525,30.38463159
247,0,-97.9546197,30.02120205
248,0,-97.92971451,30.11990071
249,0,-97.95853349,30.07915539
250,0,-97.92352557,30.05996206
251,0,-97.96776051,30.22921252
252,0,-97.92156559,30.32801076
253,0,-97.96200647,30.2753664
254,0,-97.96055049,30.01701228
255,0,-97.98956721,30.37155166
256,0,-97.963458,30.37483827
257,0,-97.93249619,30.12963973
258,0,-97.98472275,30.318727
259,0,-97.94583604,30.23164315
260,0,-97.97979544,30.36378345
261,0,-97.94468967,30.10553489
262,0,-97.98836916,30.04216692
263,0,-97.98150868,30.08518913
264,0,-97.96088324,30.25078328
265,0,-97.97122925,30.37200468
266,0,-97.97202051,30.21231819
267,0,-97.92544097,30.07588451
268,0,-97.94177363,30.37991284
269,0,-97.92233487,30.46007569
270,0,-97.94575073,30.21519454
271,0,-97.95371026,30.31456167
272,0,-97.97680542,30.44274135
273,0,-97.95556463,30.27691485
274,0,-97.981534,30.49500537
275,0,-97.99043449,30.4861138
276,1,-97.95479249,30.14595888
277,0,-97.97838696,30.48795937
278,0,-97.95680903,30.08416035
279,0,-97.97706234,30.12160451
280,0,-97.92851695,30.04632794
281,0,-97.97478795,30.21525628
282,0,-97.99985288,30.38631309
283,0,-97.99404462,30.34984534
284,0,-97.97016039,30.41772702
285,0,-97.95854239,30.27266468
286,0,-97.92389861,30.12248163
287,0,-97.9876676,30.16026661
288,0,-97.99738076,30.0834886
289,0,-97.97042806,30.19556955
290,0,-97.92127332,30.46881855
291,0,-97.9892562,30.22801354
292,0,-97.99957958,30.49797805
293,0,-97.97685776,30.09003961
294,0,-97.92696706,30.38434733
295,0,-97.99171981,30.32005894
296,0,-97.92762192,30.32185763
297,0,-97.98142626,30.17475449
298,0,-97.97989551,30.26288708
299,0,-97.96453288,30.08803585
300,0,-97.94108558,30.07217936
301,0,-97.99258896,30.33464202
302,0,-97.98665988,30.45144334
303,0,-97.96066183,30.11200331
304,0,-97.94549169,30.01684412
305,0,-97.99893157,30.12671128
306,0,-97.9961296,30.34186701
307,0,-97.95224608,30.17260335
308,0,-97.92466998,30.35753588
309,0,-97.94981101,30.22984344
310,0,-97.94902559,30.23850237
311,0,-97.97403068,30.08150257
312,0,-97.98591576,30.07738055
313,0,-97.94294658,30.48221046
314,0,-97.93493989,30.23389597
315,0,-97.99794795,30.08946698
316,0,-97.97668115,30.03536581
317,0,-97.96320605,30.108982
318,0,-97.94842192,30.3448646
319,0,-97.92580104,30.34244253
320,0,-97.96200534,30.38568615
321,0,-97.93119654,30.38432359
322,1,-97.97841598,30.44792358
323,0,-97.93818203,30.08506005
324,0,-97.93944502,30.49412409
325,0,-97.94455596,30.02045219
326,0,-97.9545411,30.45183093
327,0,-97.95564807,30.17950049
328,0,-97.98625233,30.3267869
329,0,-97.97540031,30.33457818
330,0,-97.93330708,30.33967292
331,0,-97.97677041,30.04535903
332,0,-97.92088811,30.21184715
333,0,-97.9919747,30.46540738
334,0,-97.9606274,30.42237489
335,0,-97.9474174,30.11525082
336,0,-97.9256996,30.34987856
337,0,-97.97733228,30.11814712
338,0,-97.9740839,30.48184826
339,0,-97.92142071,30.18754136
340,0,-97.98470404,30.35257799
341,0,-97.95139043,30.39155627
342,0,-97.9374221,30.40502832
343,0,-97.99480444,30.30825641
344,0,-97.94271271,30.23311337
345,0,-97.96189994,30.33003843
346,0,-97.92998973,30.3680451
347,0,-97.98793209,30.48251424
348,0,-97.92429847,30.0398366
349,0,-97.93530866,30.15563309
350,0,-97.9871598,30.19874908
351,0,-97.9235722,30.32501794
352,0,-97.93516818,30.19690821
353,0,-97.96121054,30.31593534
354,0,-97.9389763,30.27295975
355,0,-97.98931678,30.36148159
356,0,-97.98907456,30.37315632
357,0,-97.96002693,30.47129199
358,0,-97.99499806,30.47276957
359,0,-97.95905551,30.39449237
360,0,-97.96506598,30.00043553
361,0,-97.92200213,30.03774233
362,0,-97.97137288,30.48929165
363,0,-97.92832793,30.33796846
364,0,-97.99059768,30.04626562
365,0,-97.98216428,30.31494902
366,0,-97.95348041,30.08392457
367,0,-97.96074695,30.46989187
368,1,-97.99473622,30.31320589
369,0,-97.98283803,30.06301192
370,0,-97.93899157,30.00233427
371,0,-97.97371864,30.18874428
372,0,-97.98733885,30.48384957
373,0,-97.98490251,30.36869365
374,0,-97.93302516,30.0364875
375,0,-97.93068952,30.12047388
376,0,-97.98039716,30.0573041
377,0,-97.96490519,30.32006652
378,0,-97.99255769,30.39719579
379,0,-97.94798139,30.02626601
380,0,-97.92267727,30.29587369
381,0,-97.95415845,30.40515727
382,0,-97.95660145,30.39318
383,0,-97.98831641,30.00456046
384,0,-97.99131777,30.02828271
385,0,-97.95890554,30.16491989
386,0,-97.96533298,30.23293218
387,0,-97.92671327,30.00604146
388,0,-97.93430006,30.19787477
389,0,-97.92334644,30.19615812
390,0,-97.94552724,30.03532244
391,0,-97.9579697,30.33645091
392,0,-97.9610082,30.01070836
393,0,-97.94023676,30.01294914
394,0,-97.9214372,30.40220485
395,0,-97.96679791,30.40648936
396,0,-97.95613633,30.43400185
397,0,-97.98011918,30.17153191
398,0,-97.99342716,30.26094994
399,0,-97.96667518,30.08436414
400,0,-97.92729129,30.31813258
401,0,-97.95775542,30.22972564
402,0,-97.94245356,30.2904272
403,0,-97.92098414,30.24280917
404,0,-97.92838404,30.16724632
405,0,-97.93324618,30.15709448
406,0,-97.92106278,30.48637042
407,0,-97.93481004,30.45314214
408,0,-97.92662019,30.0336648
409,0,-97.93022632,30.16054441
410,0,-97.92683417,30.00978411
411,0,-97.97215461,30.43066003
412,0,-97.98359662,30.09582668
413,0,-97.99747243,30.1658514
414,1,-97.95665424,30.35399834
415,0,-97.97213263,30.38436413
416,0,-97.95097791,30.03022597
417,0,-97.96453373,30.22227632
418,0,-97.97346493,30.3330701
419,0,-97.92404404,30.1796848
420,0,-97.97435625,30.41676595
421,0,-97.99369611,30.01309742
422,0,-97.93925596,30.01308803
423,0,-97.94664711,30.28170909
424,0,-97.94399738,30.33791952
425,0,-97.92393366,30.27409546
426,0,-97.96561319,30.2552233
427,0,-97.95230912,30.37587065
428,0,-97.94433783,30.38431815
429,0,-97.92594527,30.17875048
430,0,-97.97006171,30.22502005
431,0,-97.9696824,30.39359281
432,0,-97.92804085,30.2253422
433,0,-97.9238836,30.23926128
434,0,-97.97612786,30.3956586
435,0,-97.93018859,30.21567436
436,0,-97.93591264,30.1967179
437,0,-97.96270131,30.31415558
438,0,-97.92824981,30.35186138
439,0,-97.9961585,30.11419807
440,0,-97.98073896,30.35710732
441,0,-97.98163783,30.20135357
442,0,-97.9998441,30.49284071
443,0,-97.99591246,30.19182596
444,0,-97.98360306,30.03129179
445,0,-97.92975205,30.3853322
446,0,-97.94937622,30.40926256
447,0,-97.97168951,30.07987223
448,0,-97.96479538,30.31419498
449,0,-97.96232311,30.1106651
450,0,-97.99627273,30.10178869
451,0,-97.9727104,30.3686045
452,0,-97.92432043,30.0324157
453,0,-97.9313634,30.4869647
454,0,-97.99986927,30.3904473
455,0,-97.98637953,30.06112505
456,0,-97.97212866,30.02564656
457,0,-97.93047087,30.06840193
458,0,-97.92629794,30.15892163
459,0,-97.93380162,30.40609789
460,1,-97.95884245,30.23265749
461,0,-97.92689631,30.13130503
462,0,-97.98859461,30.08738462
463,0,-97.96589022,30.48865959
464,0,-97.96482631,30.01943133
465,0,-97.95725275,30.17968113
466,0,-97.99607959,30.20295921
467,0,-97.94325291,30.00756074
468,0,-97.9271432,30.13177958
469,0,-97.92969472,30.38739149
470,0,-97.97260645,30.00401385
471,0,-97.94242169,30.3738494
472,0,-97.93006734,30.00377509
473,0,-97.94491537,30.4541877
474,0,-97.94627197,30.03286366
475,0,-97.92480294,30.2280376
476,0,-97.92786621,30.21138651
477,0,-97.98331168,30.34093381
478,0,-97.93581258,30.17365934
479,0,-97.97646326,30.07668686
480,0,-97.92599238,30.03227944
481,0,-97.9671012,30.00194119
482,0,-97.92836604,30.10116284
483,0,-97.92967205,30.23712507
484,0,-97.95419695,30.38506126
485,0,-97.92741126,30.40575686
486,0,-97.92411045,30.10315431
487,0,-97.92684442,30.11605946
488,0,-97.98352394,30.49486553
489,0,-97.923802,30.3409534
490,0,-97.97551645,30.46646135
491,0,-97.93899929,30.07612076
492,0,-97.99758966,30.0254888
493,0,-97.95296337,30.16593496
494,0,-97.98966654,30.07737551
495,0,-97.96107376,30.40774647
496,0,-97.92543999,30.45027647
497,0,-97.93777927,30.3915772
498,0,-97.98283611,30.0564838
499,0,-97.99403191,30.21909606
500,0,-97.94439359,30.37601859
501,0,-97.98213223,30.32948506
502,0,-97.95758585,30.48099889
503,0,-97.97931597,30.42207264
504,0,-97.94664243,30.45635404
505,0,-97.92992164,30.31500001
506,1,-97.93433698,30.13577231
507,0,-97.99338912,30.07365942
508,0,-97.93949992,30.10872144
509,0,-97.96749278,30.42512679
510,0,-97.97402402,30.00060728
511,0,-97.97681233,30.21470572
512,0,-97.9659398,30.46687914
513,0,-97.9430621,30.21430924
514,0,-97.9706658,30.19628001
515,0,-97.9447785,30.19010874
516,0,-97.92800657,30.10727279
517,0,-97.97025598,30.49879923
518,0,-97.93151214,30.05137946
519,0,-97.92024435,30.05766655
520,0,-97.92596016,30.08217024
521,0,-97.92362245,30.03242042
522,0,-97.9253009,30.45909253
523,0,-97.92378712,30.37640804
524,0,-97.93322168,30.00603534
525,0,-97.95609314,30.40656537
526,0,-97.95534853,30.31509756
527,0,-97.98924252,30.2473496
528,0,-97.9763626,30.38622877
529,0,-97.92493343,30.11517533
530,0,-97.93066361,30.05651157
531,0,-97.95931095,30.10031939
532,0,-97.94618997,30.39158218
533,0,-97.99032627,30.23674691
534,0,-97.9675669,30.02909646
535,0,-97.97393707,30.39175605
536,0,-97.95176527,30.12438299
537,0,-97.92932337,30.37383078
538,0,-97.98482837,30.08380863
539,0,-97.97893061,30.03323774
540,0,-97.99914568,30.36037034
541,0,-97.94150188,30.28747851
542,0,-97.98291258,30.00841
543,0,-97.98677649,30.01989878
544,0,-97.98245268,30.08026726
545,0,-97.9201714,30.2143485
546,0,-97.93289835,30.31851324
547,0,-97.94068805,30.31685375
548,0,-97.93858479,30.45501647
549,0,-97.99013226,30.00086897
550,0,-97.99734514,30.05975974
551,0,-97.95368809,30.462863
552,1,-97.98915984,30.08199034
553,0,-97.93908642,30.21003431
554,0,-97.98120897,30.47574281
555,0,-97.96560601,30.46705707
556,0,-97.94634123,30.37323976
557,0,-97.9613903,30.39895759
558,0,-97.99175782,30.27140951
559,0,-97.98459297,30.46536143
560,0,-97.94261035,30.29193466
561,0,-97.9202988,30.17404596
562,0,-97.93894177,30.29364125
563,0,-97.94397962,30.33807544
564,0,-97.94992963,30.3183081
565,0,-97.94564448,30.40946841
566,0,-97.93854433,30.36902915
567,0,-97.98693615,30.39690865
568,0,-97.96454291,30.19550367
569,0,-97.96671432,30.09879663
570,0,-97.984345,30.48203735
571,0,-97.93542321,30.37323803
572,0,-97.94287856,30.08401599
573,0,-97.97874494,30.10898273
574,0,-97.96629879,30.33544204
575,0,-97.93209821,30.31270321
576,0,-97.94955816,30.37117846
577,0,-97.98432462,30.26246504
578,0,-97.92011062,30.44654965
579,0,-97.98108374,30.35072023
580,0,-97.99125086,30.35868794
581,0,-97.94600746,30.37410696
582,0,-97.96943423,30.20487161
583,0,-97.99084411,30.26855065
584,0,-97.98359873,30.1143097
585,0,-97.93587168,30.30131106
586,0,-97.92359991,30.10789263
587,0,-97.95777556,30.32668285
588,0,-97.9400394,30.45327733
589,0,-97.99255115,30.21945315
590,0,-97.99004622,30.27598057
591,0,-97.92704212,30.4112515
592,0,-97.97008652,30.00860326
593,0,-97.95567175,30.18479558
594,0,-97.96455849,30.41523123
595,0,-97.96075063,30.27622785
596,0,-97.92523908,30.06121161
597,0,-97.93095484,30.29656396
598,1,-97.99343484,30.23598999
599,0,-97.98906306,30.36053742
600,0,-97.94053475,30.31318648
601,0,-97.93492158,30.00550463
602,0,-97.921754,30.17778633
603,0,-97.92013235,30.15561909
604,0,-97.92858082,30.38152508
605,0,-97.99603079,30.00191531
606,0,-97.96812862,30.03565963
607,0,-97.99003624,30.27628095
608,0,-97.97028816,30.38427185
609,0,-97.95414487,30.40957232
610,0,-97.93484393,30.35625589
611,0,-97.99212583,30.27422401
612,0,-97.97351874,30.32148326
613,0,-97.92763376,30.05722117
614,0,-97.96000651,30.03831383
615,0,-97.97611746,30.27219175
616,0,-97.92947017,30.19261431
617,0,-97.98039278,30.26891575
618,0,-97.95060091,30.1231656
619,0,-97.97959832,30.26514859
620,0,-97.94023768,30.31318141
621,0,-97.98783346,30.41027203
622,0,-97.97683317,30.24811985
623,0,-97.94485103,30.10332789
624,0,-97.96137772,30.03776654
625,0,-97.94081875,30.19950024
626,0,-97.97694777,30.20948856
627,0,-97.94522893,30.48657743
628,0,-97.92231807,30.47742373
629,0,-97.99950502,30.16831173
630,0,-97.99673824,30.19708715
631,0,-97.92827199,30.05728436
632,0,-97.93452983,30.40753993
633,0,-97.98690623,30.20765091
634,0,-97.94631859,30.30716602
635,0,-97.95384627,30.32197136
636,0,-97.95231542,30.46834153
637,0,-97.98110824,30.20530317
638,0,-97.99186517,30.2626865
639,0,-97.94239567,30.32721141
640,0,-97.98449557,30.11640492
641,0,-97.92848772,30.02334938
642,0,-97.97254072,30.27302516
643,0,-97.98924753,30.1753738
644,1,-97.99982716,30.36240334
645,0,-97.93115232,30.15465926
646,0,-97.98091646,30.3895515
647,0,-97.96663581,30.33580017
648,0,-97.93320006,30.36834262
649,0,-97.97612018,30.18337856
650,0,-97.95572858,30.11413144
651,0,-97.95842924,30.42464964
652,0,-97.93372346,30.08960464
653,0,-97.98307091,30.27698253
654,0,-97.92024255,30.19646063
655,0,-97.94659194,30.01006126
656,0,-97.97457854,30.40683645
657,0,-97.95376296,30.49572377
658,0,-97.96541258,30.2688825
659,0,-97.93047901,30.03494265
660,0,-97.95851625,30.41646439
661,0,-97.9354033,30.03895693
662,0,-97.95135522,30.20332698
663,0,-97.92161522,30.00380637
664,0,-97.92280502,30.16035201
665,0,-97.98967467,30.28101251
666,0,-97.95094532,30.20805237
667,0,-97.94659801,30.09342996
668,0,-97.99619619,30.05902201
669,0,-97.92938636,30.23072355
670,0,-97.93003946,30.37579624
671,0,-97.99518933,30.47546942
672,0,-97.97398719,30.39773122
673,0,-97.93117314,30.11547106
674,0,-97.9771266,30.01338503
675,0,-97.94490216,30.01148271
676,0,-97.92790686,30.05221388
677,0,-97.95086126,30.38423964
678,0,-97.95681602,30.10482789
679,0,-97.99711647,30.10183224
680,0,-97.94099649,30.08492454
681,0,-97.92491579,30.27415291
682,0,-97.93223368,30.19678779
683,0,-97.97842433,30.18896134
684,0,-97.98206911,30.00605077
685,0,-97.93802585,30.11758196
686,0,-97.96156926,30.2053688
687,0,-97.98420087,30.47839016
688,0,-97.93587263,30.46209278
689,0,-97.92468353,30.35068505
690,1,-97.96673409,30.49892058
691,0,-97.94315362,30.03378698
692,0,-97.9950114,30.39693342
693,0,-97.9841391,30.39476471
694,0,-97.96879463,30.47140649
695,0,-97.9515892,30.02835581
696,0,-97.98704782,30.0626254
697,0,-97.99172348,30.27409771
698,0,-97.97736062,30.42566003
699,0,-97.94485198,30.4683722
700,0,-97.9251205,30.27806757
701,0,-97.98816689,30.20518372
702,0,-97.97952635,30.04559181
703,0,-97.97004592,30.38038645
704,0,-97.95825448,30.12084744
705,0,-97.93474468,30.08804603
706,0,-97.96996325,30.03654669
707,0,-97.94615155,30.17817275
708,0,-97.93366493,30.38165008
709,0,-97.95892908,30.08161489
710,0,-97.92604211,30.09312634
711,0,-97.99192859,30.33821618
712,0,-97.92060709,30.47033085
713,0,-97.98052932,30.17190199
714,0,-97.94845278,30.21095418
715,0,-97.96615397,30.08560845
716,0,-97.94262096,30.40685399
717,0,-97.95391859,30.17978368
718,0,-97.98335125,30.11298142
719,0,-97.98349584,30.48419237
720,0,-97.9917138,30.05419149
721,0,-97.98395084,30.2106406
722,0,-97.99138741,30.38827236
723,0,-97.99151086,30.25683295
724,0,-97.92430721,30.087506
725,0,-97.93339989,30.47862594
726,0,-97.95378545,30.27810455
727,0,-97.99606394,30.01986159
728,0,-97.92242189,30.21598358
729,0,-97.98097762,30.33540854
730,0,-97.93703876,30.46727802
731,0,-97.97073656,30.39499134
732,0,-97.9913526,30.19609837
733,0,-97.9428696,30.31880109
734,0,-97.93629714,30.02492873
735,0,-97.93167067,30.01834564
736,1,-97.94128947,30.03962887
737,0,-97.98020828,30.22018479
738,0,-97.98203582,30.37707182
739,0,-97.93221494,30.15521947
740,0,-97.94697366,30.08374109
741,0,-97.96929217,30.09328909
742,0,-97.98521638,30.34076095
743,0,-97.92927881,30.15480273
744,0,-97.93689456,30.05892878
745,0,-97.94582522,30.296616
746,0,-97.92529388,30.10817406
747,0,-97.92997649,30.4859042
748,0,-97.9294244,30.31177122
749,0,-97.96487114,30.42437403
750,0,-97.94387435,30.48195682
751,0,-97.94547364,30.4635606
752,0,-97.93889065,30.47445834
753,0,-97.95272913,30.38472024
754,0,-97.92257056,30.24203459
755,0,-97.98230951,30.0265586
756,0,-97.92957523,30.31526657
757,0,-97.93053717,30.39304675
758,0,-97.94419471,30.28619897
759,0,-97.92290667,30.27701822
760,0,-97.95905611,30.20520698
761,0,-97.95466069,30.47778833
762,0,-97.94449206,30.45426976
763,0,-97.92761971,30.47620798
764,0,-97.97613741,30.03625148
765,0,-97.94188878,30.00159243
766,0,-97.98507497,30.4802019
767,0,-97.94796513,30.48544548
768,0,-97.97982963,30.10394442
769,0,-97.92134656,30.15656475
770,0,-97.98571466,30.33784853
771,0,-97.93029642,30.18439006
772,0,-97.92401362,30.36679519
773,0,-97.9345146,30.37875386
774,0,-97.94706261,30.27556594
775,0,-97.99006937,30.19445256
776,0,-97.92168723,30.17751398
777,0,-97.9209551,30.0578157
778,0,-97.92465499,30.36849555
779,0,-97.95013449,30.38064314
780,0,-97.94901818,30.01062519
781,0,-97.92448748,30.00079789
782,1,-97.94629597,30.32045612
783,0,-97.95532843,30.19463207
784,0,-97.97226475,30.27164803
785,0,-97.94281804,30.28060371
786,0,-97.95252531,30.38679844
787,0,-97.96660588,30.16354164
788,0,-97.92981225,30.09389357
789,0,-97.92437269,30.35953407
790,0,-97.95372485,30.21393138
791,0,-97.96496198,30.26079133
792,0,-97.96177728,30.38801853
793,0,-97.9526849,30.45407044
794,0,-97.99616505,30.00782292
795,0,-97.97772238,30.39294339
796,0,-97.97278509,30.33136257
797,0,-97.92344733,30.21753668
798,0,-97.99932306,30.49744395
799,0,-97.95444862,30.48259278
800,0,-97.97486798,30.11270868
801,0,-97.92149653,30.32743116
802,0,-97.95092225,30.2789197
803,0,-97.94438996,30.09116038
804,0,-97.97063041,30.20336822
805,0,-97.99345738,30.49476872
806,0,-97.92944971,30.07121248
807,0,-97.93100813,30.23290316
808,0,-97.99377144,30.05858961
809,0,-97.96614218,30.16915524
810,0,-97.92533502,30.09783257
811,0,-97.95049201,30.29421329
812,0,-97.94511475,30.11756547
813,0,-97.96253504,30.16282555
814,0,-97.98841101,30.15777661
815,0,-97.97669347,30.09897005
816,0,-97.95651814,30.18355794
817,0,-97.98995514,30.11992893
818,0,-97.94175024,30.29566745
819,0,-97.95750608,30.44354581
820,0,-97.96762877,30.18424278
821,0,-97.93305444,30.0701479
822,0,-97.94069085,30.33881686
823,0,-97.92616493,30.30155373
824,0,-97.92134456,30.45705771
825,0,-97.97267021,30.4700475
826,0,-97.92949511,30.40404139
827,0,-97.97771802,30.00004285
828,1,-97.97127704,30.20130997
829,0,-97.99039864,30.00054619
830,0,-97.9821205,30.0586189
831,0,-97.92132328,30.39374771
832,0,-97.93923713,30.09114431
833,0,-97.92113857,30.32496279
834,0,-97.96003349,30.40603305
835,0,-97.97495604,30.11935586
836,0,-97.98562987,30.48709215
837,0,-97.94946234,30.09917876
838,0,-97.99047619,30.01694832
839,0,-97.94532636,30.17115156
840,0,-97.93546048,30.19425972
841,0,-97.93365374,30.02236813
842,0,-97.98196418,30.16116155
843,0,-97.99863259,30.33419431
844,0,-97.94327552,30.00988846
845,0,-97.96545773,30.32764912
846,0,-97.97376029,30.00905099
847,0,-97.92059049,30.19713214
848,0,-97.94714577,30.1049255
849,0,-97.9615868,30.09915796
850,0,-97.92362042,30.09276972
851,0,-97.92183363,30.10612973
852,0,-97.94043478,30.3654921
853,0,-97.9672228,30.08492654
854,0,-97.94192058,30.11791741
855,0,-97.92993894,30.20783812
856,0,-97.96724073,30.08195444
857,0,-97.94902466,30.01018743
858,0,-97.9666596,30.32583755
859,0,-97.96652997,30.08428381
860,0,-97.93492073,30.45628366
861,0,-97.97041588,30.37787753
862,0,-97.92215112,30.09133523
863,0,-97.99287874,30.02491176
864,0,-97.93851205,30.21362331
865,0,-97.95947724,30.12609348
866,0,-97.92386383,30.37592251
867,0,-97.99970211,30.03469155
868,0,-97.94528106,30.45182146
869,0,-97.99439846,30.12185761
870,0,-97.95273346,30.39810447
871,0,-97.994577,30.33823925
872,0,-97.96529746,30.27065372
873,0,-97.93485648,30.22980715
874,1,-97.97774142,30.10511893
875,0,-97.99677086,30.21069699
876,0,-97.93039591,30.11607238
877,0,-97.99271881,30.05167762
878,0,-97.92406843,30.20499541
879,0,-97.94630263,30.41030324
880,0,-97.99802899,30.27245866
881,0,-97.9253818,30.35278859
882,0,-97.99009684,30.48702961
883,0,-97.92182123,30.4740398
884,0,-97.9837812,30.25964957
885,0,-97.9280405,30.05621849
886,0,-97.99388432,30.33839211
887,0,-97.9416315,30.01484492
888,0,-97.96291705,30.4198765
889,0,-97.99058009,30.20947381
890,0,-97.92180372,30.34221682
891,0,-97.92358609,30.07338264
892,0,-97.96250899,30.37990981
893,0,-97.97590754,30.03309783
894,0,-97.92334916,30.35640096
895,0,-97.92277375,30.07190478
896,0,-97.9623916,30.0190583
897,0,-97.94668504,30.08273547
898,0,-97.99269643,30.27785071
899,0,-97.93615846,30.34066322
900,0,-97.92673181,30.35601717
901,0,-97.99026889,30.39746974
902,0,-97.99261527,30.39704519
903,0,-97.9490989,30.47725521
904,0,-97.96988769,30.46568521
905,0,-97.98427046,30.00141839
906,0,-97.96782569,30.03912131
907,0,-97.95766323,30.47033948
908,0,-97.99550519,30.26018105
909,0,-97.92365333,30.27612565
910,0,-97.98637603,30.41702811
911,0,-97.99894752,30.01063252
912,0,-97.92989881,30.45373966
913,0,-97.93522728,30.05718123
914,0,-97.9439363,30.46138671
915,0,-97.94110026,30.40518986
916,0,-97.92943964,30.15588804
917,0,-97.94685287,30.3744104
918,0,-97.96390278,30.37419326
919,0,-97.93871264,30.10338584
920,1,-97.92811683,30.48911207
921,0,-97.98881217,30.26860545
922,0,-97.93085462,30.39743189
923,0,-97.93667434,30.40443751
924,0,-97.92497633,30.37126894
925,0,-97.92531499,30.35415711
926,0,-97.93990811,30.0952996
927,0,-97.93215767,30.40111216
928,0,-97.93601583,30.28307886
929,0,-97.97600753,30.17398586
930,0,-97.95035538,30.37992198
931,0,-97.99319059,30.16886101
932,0,-97.97181018,30.3164453
933,0,-97.99294443,30.33718365
934,0,-97.93532829,30.17224264
935,0,-97.94149105,30.28734116
936,0,-97.92511446,30.40074077
937,0,-97.94354932,30.27760259
938,0,-97.96712078,30.46500877
939,0,-97.92393702,30.40504021
940,0,-97.97792014,30.33899306
941,0,-97.92509327,30.10300633
942,0,-97.97359013,30.15587551
943,0,-97.96948057,30.42104144
944,0,-97.97256173,30.36901848
945,0,-97.98083266,30.26971184
946,0,-97.95929569,30.00009326
947,0,-97.9674417,30.32496754
948,0,-97.96400242,30.46970293
949,0,-97.95380031,30.02197079
950,0,-97.93906408,30.16150481
951,0,-97.95050367,30.08765898
952,0,-97.92019576,30.24107307
953,0,-97.93030346,30.46727616
954,0,-97.9874415,30.05321492
955,0,-97.92592015,30.28896742
956,0,-97.94243859,30.01427295
957,0,-97.92255742,30.22673162
958,0,-97.98792537,30.33788823
959,0,-97.96641011,30.38955655
960,0,-97.9306155,30.36943785
961,0,-97.99778383,30.34375857
962,0,-97.97090696,30.26010847
963,0,-97.93444826,30.18021412
964,0,-97.99413801,30.1804002
965,0,-97.96218625,30.07850602
966,1,-97.99923393,30.3372552
967,0,-97.93200823,30.10131047
968,0,-97.92642949,30.45191428
969,0,-97.93152344,30.1951631
970,0,-97.92258669,30.00708943
971,0,-97.94807523,30.09779293
972,0,-97.99924505,30.21619022
973,0,-97.98918037,30.39254297
974,0,-97.99598338,30.26328272
975,0,-97.95191148,30.18644356
976,0,-97.9409255,30.37813958
977,0,-97.98798083,30.38415823
978,0,-97.94595884,30.28453577
979,0,-97.9483393,30.28978503
980,0,-97.99417164,30.46305958
981,0,-97.93787379,30.17988426
982,0,-97.96413243,30.4318592
983,0,-97.98552416,30.28106359
984,0,-97.96998338,30.04390908
985,0,-97.97673962,30.47765885
986,0,-97.96447354,30.38729288
987,0,-97.97539229,30.41536378
988,0,-97.93578051,30.34072794
989,0,-97.97314755,30.26290359
990,0,-97.92825473,30.17194222
991,0,-97.95453201,30.4435786
992,0,-97.96946026,30.18029188
993,0,-97.94243236,30.20260108
994,0,-97.9988216,30.17867431
995,0,-97.93560185,30.20937507
996,0,-97.96546232,30.03932294
997,0,-97.95828264,30.26400464
998,0,-97.98706282,30.26479371
999,0,-97.97142445,30.37573472
1000,0,-97.93261417,30.28450618
1001,0,-97.99595436,30.16501313
1002,0,-97.99638598,30.17103541
1003,0,-97.9531834,30.45055114
1004,0,-97.97616418,30.00766692
1005,0,-97.95042937,30.17401541
1006,0,-97.98839386,30.46810233
1007,0,-97.94506284,30.10218362
1008,0,-97.99632724,30.48555256
1009,0,-97.97601963,30.32615206
1010,0,-97.92863796,30.33980874
1011,0,-97.99769157,30.02018873
1012,1,-97.98626161,30.02518809
1013,0,-97.97783627,30.41303606
1014,0,-97.94148039,30.2118101
1015,0,-97.97468917,30.26752479
1016,0,-97.92485239,30.11966116
1017,0,-97.95443097,30.4074028
1018,0,-97.99473952,30.05855567
1019,0,-97.92350311,30.41090758
1020,0,-97.92475366,30.402202
1021,0,-97.95538553,30.01174129
1022,0,-97.92968175,30.08194081
1023,0,-97.95770217,30.39546448
1024,0,-97.95330856,30.4070325
1025,0,-97.99881526,30.45727663
1026,0,-97.9297982,30.30894852
1027,0,-97.9411513,30.20254574
1028,0,-97.98308466,30.40265115
1029,0,-97.95282775,30.39935468
1030,0,-97.93144182,30.19563554
1031,0,-97.94496566,30.21022982
1032,0,-97.98774208,30.05535147
1033,0,-97.92087447,30.44261786
1034,0,-97.99173877,30.48694272
1035,0,-97.96573232,30.16450186
1036,0,-97.96038423,30.12532531
1037,0,-97.96334536,30.17520107
1038,0,-97.96726365,30.39060386
1039,0,-97.92777144,30.01372771
1040,0,-97.97746977,30.4100734
1041,0,-97.97582094,30.33170122
1042,0,-97.993858,30.00612589
1043,0,-97.96862441,30.42373732
1044,0,-97.94626466,30.29003075
1045,0,-97.92203076,30.17187975
1046,0,-97.93055143,30.27242721
1047,0,-97.97887388,30.40393277
1048,0,-97.96653999,30.37026072
1049,0,-97.93884831,30.37105017
1050,0,-97.95012567,30.20418144
1051,0,-97.94766314,30.19435627
1052,0,-97.94602947,30.38705994
1053,0,-97.93038469,30.3324722
1054,0,-97.9522777,30.08154695
1055,0,-97.98203343,30.39636817
1056,0,-97.92101582,30.40484418
1057,0,-97.94229653,30.28868537
1058,1,-97.97489459,30.32486022
1059,0,-97.95064586,30.4833443
1060,0,-97.94124577,30.47498564
1061,0,-97.96927578,30.47709448
1062,0,-97.93026865,30.38511306
1063,0,-97.94716043,30.18963866
1064,0,-97.92149472,30.16882743
1065,0,-97.99952351,30.28221453
1066,0,-97.93268953,30.29121375
1067,0,-97.96834973,30.41136259
1068,0,-97.9236193,30.36521488
1069,0,-97.99017447,30.05010684
1070,0,-97.92041644,30.06475405
1071,0,-97.96388707,30.3725249
1072,0,-97.99959686,30.09951249
1073,0,-97.94443587,30.29809066
1074,0,-97.99933559,30.21166526
1075,0,-97.99509012,30.28634056
1076,0,-97.9322962,30.29821664
1077,0,-97.9460344,30.10227915
1078,0,-97.95165169,30.01848875
1079,0,-97.95892369,30.47509592
1080,0,-97.93659637,30.29382189
1081,0,-97.96680412,30.17532318
1082,0,-97.92338046,30.41053772
1083,0,-97.93539437,30.22511862
1084,0,-97.97056029,30.38143145
1085,0,-97.96259946,30.00593851
1086,0,-97.95209514,30.41574623
1087,0,-97.96818608,30.2518284
1088,0,-97.93305548,30.06712966
1089,0,-97.95897253,30.01196153
1090,0,-97.95831447,30.01742941
1091,0,-97.97792665,30.18221291
1092,0,-97.98184228,30.4817174
1093,0,-97.98581459,30.27634718
1094,0,-97.95176241,30.09122597
1095,0,-97.98579532,30.47366265
1096,0,-97.95325589,30.41242618
1097,0,-97.95176861,30.47858271
1098,0,-97.96386661,30.3831682
1099,0,-97.9749003,30.17534441
1100,0,-97.92360414,30.10989291
1101,0,-97.97670952,30.36424946
1102,0,-97.92051874,30.10454908
1103,0,-97.93659773,30.46350518
1104,1,-97.96580998,30.3717684
1105,0,-97.9315328,30.09215189
1106,0,-97.99480348,30.21367461
1107,0,-97.92156448,30.06675676
1108,0,-97.97876713,30.41522566
1109,0,-97.9304746,30.2038147
1110,0,-97.99192802,30.17315247
1111,0,-97.93899986,30.46903596
1112,0,-97.96537822,30.42680831
1113,0,-97.9236182,30.17987412
1114,0,-97.9911348,30.27538673
1115,0,-97.93857327,30.22463587
1116,0,-97.92379558,30.30888371
1117,0,-97.95565392,30.47413461
1118,0,-97.94279764,30.28366858
1119,0,-97.94214332,30.19007592
1120,0,-97.94971976,30.09621059
1121,0,-97.96960313,30.40807036
1122,0,-97.95350809,30.48334692
1123,0,-97.94575477,30.0801829
1124,0,-97.98635952,30.25832442
1125,0,-97.9439936,30.19565513
1126,0,-97.94933794,30.27599594
1127,0,-97.93099471,30.39744342
1128,0,-97.92106241,30.10108443
1129,0,-97.93505226,30.29209161
1130,0,-97.92662277,30.07709214
1131,0,-97.96876835,30.27112885
1132,0,-97.93141945,30.16508099
1133,0,-97.92905253,30.2746952
1134,0,-97.95015821,30.10009826
1135,0,-97.94059447,30.1090882
1136,0,-97.98652988,30.25814565
1137,0,-97.9604572,30.08458296
1138,0,-97.93853648,30.37235475
1139,0,-97.9583401,30.43253625
1140,0,-97.93717841,30.34663139
1141,0,-97.9201834,30.29533486
1142,0,-97.95449429,30.100354
1143,0,-97.93839093,30.16174784
1144,0,-97.93993489,30.39650529
1145,0,-97.97229279,30.15841334
1146,0,-97.98591809,30.18562186
1147,0,-97.92760688,30.4598486
1148,0,-97.92899687,30.22629624
1149,0,-97.94107833,30.37489935
1150,1,-97.97621352,30.26646453
1151,0,-97.957473,30.40650293
1152,0,-97.93402388,30.38340282
1153,0,-97.95513003,30.09758809
1154,0,-97.9308087,30.00538466
1155,0,-97.95904316,30.08744331
1156,0,-97.94235192,30.47524564
1157,0,-97.96860693,30.40719133
1158,0,-97.9245045,30.34374984
1159,0,-97.94970599,30.45101936
1160,0,-97.96323067,30.0273512
1161,0,-97.97319654,30.00020724
1162,0,-97.93782046,30.10284518
1163,0,-97.9859379,30.47389095
1164,0,-97.97159408,30.17622459
1165,0,-97.94252021,30.28189649
1166,0,-97.94718841,30.01651928
1167,0,-97.96057251,30.40010554
1168,0,-97.96621131,30.13006861
1169,0,-97.92734985,30.07177852
1170,0,-97.95980063,30.01642078
1171,0,-97.93669991,30.44760893
1172,0,-97.92203459,30.09476655
1173,0,-97.93754416,30.22590715
1174,0,-97.95108885,30.40539837
1175,0,-97.92306674,30.34847447
1176,0,-97.93972116,30.01085334
1177,0,-97.99172468,30.16694614
1178,0,-97.97689769,30.47458161
1179,0,-97.92070168,30.20743583
1180,0,-97.98669494,30.37701235
1181,0,-97.93989827,30.17906965
1182,0,-97.94341625,30.27770502
1183,0,-97.94766937,30.08722775
1184,0,-97.93184584,30.38577369
1185,0,-97.96971487,30.39816562
1186,0,-97.93389733,30.2060757
1187,0,-97.93474336,30.10314145
1188,0,-97.93182406,30.01984869
1189,0,-97.92055701,30.45812625
1190,0,-97.93903058,30.3937698
1191,0,-97.98587633,30.17497839
1192,0,-97.99510429,30.41166335
1193,0,-97.95933137,30.17404175
1194,0,-97.93154628,30.22179587
1195,0,-97.9242659,30.15633234
1196,1,-97.99187763,30.16415055
1197,0,-97.93260446,30.23624332
1198,0,-97.99577159,30.21457043
1199,0,-97.92475831,30.11311571
1200,0,-97.93074077,30.07210338
1201,0,-97.99710373,30.11850404
1202,0,-97.96545114,30.46780374
1203,0,-97.92338298,30.29151448
1204,0,-97.96091776,30.41606403
1205,0,-97.95408929,30.01203021
1206,0,-97.92278572,30.00301102
1207,0,-97.9398254,30.09959116
1208,0,-97.99665576,30.05455067
1209,0,-97.99031331,30.21065878
1210,0,-97.9333115,30.37142754
1211,0,-97.92765794,30.08130625
1212,0,-97.98576846,30.04488637
1213,0,-97.95196425,30.11705034
1214,0,-97.99933553,30.05746817
1215,0,-97.97179738,30.00874085
1216,0,-97.92614769,30.0863821
1217,0,-97.9264814,30.10198613
1218,0,-97.96382307,30.46516351
1219,0,-97.98276935,30.4698223
1220,0,-97.99943109,30.04667005
1221,0,-97.93819792,30.36630684
1222,0,-97.92440311,30.39362628
1223,0,-97.96223193,30.39820247
1224,0,-97.92846862,30.0092298
1225,0,-97.92043765,30.37990888
1226,0,-97.92472365,30.00939686
1227,0,-97.94072099,30.11596647
1228,0,-97.98938825,30.18288232
1229,0,-97.94727487,30.00069802
1230,0,-97.99209057,30.39434288
1231,0,-97.9204067,30.07794479
1232,0,-97.95238175,30.01940231
1233,0,-97.92709637,30.44788931
1234,0,-97.92298682,30.00702741
1235,0,-97.93450319,30.01654154
1236,0,-97.98870393,30.12190262
1237,0,-97.94214474,30.34021145
1238,0,-97.93850915,30.15814748
1239,0,-97.95906726,30.27987039
1240,0,-97.92228295,30.08877561
1241,0,-97.99251794,30.46556027
1242,1,-97.95003052,30.30200732
1243,0,-97.9459996,30.19513849
1244,0,-97.92331316,30.2927256
1245,0,-97.93298207,30.45918869
1246,0,-97.98655592,30.47516373
1247,0,-97.94691653,30.17895453
1248,0,-97.92046422,30.28284872
1249,0,-97.92980624,30.18048571
1250,0,-97.92238583,30.21393997
1251,0,-97.99383146,30.41053364
1252,0,-97.95797537,30.45579869
1253,0,-97.9848542,30.46578708
1254,0,-97.9289284,30.21581815
1255,0,-97.92333804,30.44639528
1256,0,-97.92800911,30.34097032
1257,0,-97.95944214,30.0900953
1258,0,-97.92580253,30.38964197
1259,0,-97.92220486,30.37833275
1260,0,-97.97086873,30.4155188
1261,0,-97.92585438,30.28427092
1262,0,-97.95053772,30.47494724
1263,0,-97.99989539,30.00712606
1264,0,-97.92722573,30.22558603
1265,0,-97.95820159,30.16577406
1266,0,-97.99388637,30.05698138
1267,0,-97.98618267,30.04333853
1268,0,-97.92118288,30.32788763
1269,0,-97.94759527,30.09669118
1270,0,-97.98219109,30.402947
1271,0,-97.93244764,30.10722705
1272,0,-97.99621921,30.04535382
1273,0,-97.95116249,30.40696558
1274,0,-97.93554071,30.20557634
1275,0,-97.9472445,30.28267146
1276,0,-97.92904549,30.16050558
1277,0,-97.95754536,30.4396949
1278,0,-97.96116398,30.08581835
1279,0,-97.94080186,30.18847365
1280,0,-97.98024365,30.05770128
1281,0,-97.9295654,30.0056556
1282,0,-97.9960164,30.46528039
1283,0,-97.98534927,30.39803971
1284,0,-97.96853876,30.16017492
1285,0,-97.92746185,30.27273419
1286,0,-97.93027294,30.00768573
1287,0,-97.9540211,30.17555758
1288,1,-97.93212155,30.2263065
1289,0,-97.9324718,30.36210824
1290,0,-97.96014493,30.39114696
1291,0,-97.99714258,30.46102818
1292,0,-97.96520796,30.18387387
1293,0,-97.92969681,30.30630876
1294,0,-97.9696798,30.47447852
1295,0,-97.93870699,30.34300959
1296,0,-97.94865934,30.09631932
1297,0,-97.93661499,30.28441407
1298,0,-97.9273216,30.2833516
1299,0,-97.99946337,30.39317284
1300,0,-97.92156415,30.18942263
1301,0,-97.94187358,30.10684196
1302,0,-97.96133162,30.17131916
1303,0,-97.9984254,30.28494751
1304,0,-97.96306499,30.16631883
1305,0,-97.97781307,30.00283002
1306,0,-97.92230584,30.05902761
1307,0,-97.95615889,30.40523791
1308,0,-97.95166722,30.28158728
1309,0,-97.94763508,30.44472595
1310,0,-97.92540637,30.34138446
1311,0,-97.97575642,30.40093266
1312,0,-97.93044963,30.01489013
1313,0,-97.9215935,30.20364595
1314,0,-97.94105737,30.10543928
1315,0,-97.967594,30.17310596
1316,0,-97.99601079,30.00034973
1317,0,-97.92366239,30.40790416
1318,0,-97.95920727,30.43921361
1319,0,-97.94516523,30.40871308
1320,0,-97.94134022,30.20377527
1321,0,-97.93310653,30.18637099
1322,0,-97.93313761,30.27330847
1323,0,-97.98384454,30.05409066
1324,0,-97.94545145,30.28403536
1325,0,-97.96758189,30.47182883
1326,0,-97.94502664,30.16690681
1327,0,-97.97916837,30.00067271
1328,0,-97.96206536,30.43558734
1329,0,-97.9970529,30.04907628
1330,0,-97.97277915,30.46623009
1331,0,-97.97591865,30.46768095
1332,0,-97.95604342,30.41075116
1333,0,-97.95589796,30.43217369
1334,1,-97.97748088,30.00532678
1335,0,-97.96531907,30.43200131
1336,0,-97.92562451,30.3543446
1337,0,-97.92565188,30.17224957
1338,0,-97.9591545,30.18411821
1339,0,-97.94540969,30.20983718
1340,0,-97.98356869,30.0464068
1341,0,-97.97417884,30.47248601
1342,0,-97.95769756,30.41797045
1343,0,-97.92824241,30.10158943
1344,0,-97.99077234,30.04655909
1345,0,-97.93543425,30.36694692
1346,0,-97.95347176,30.16544286
1347,0,-97.95566362,30.01522891
1348,0,-97.96178719,30.03219655
1349,0,-97.99270874,30.06060547
1350,0,-97.99886051,30.46267123
1351,0,-97.92227608,30.32326784
1352,0,-97.95669168,30.4123891
1353,0,-97.93475597,30.05948469
1354,0,-97.97249343,30.47829319
1355,0,-97.99000264,30.4935672
1356,0,-97.97904217,30.47168211
1357,0,-97.93316842,30.10632802
1358,0,-97.93324508,30.28307144
1359,0,-97.92058476,30.31469235
1360,0,-97.92022315,30.37466979
1361,0,-97.98503054,30.48034185
1362,0,-97.95985665,30.43044849
1363,0,-97.99429573,30.46523371
1364,0,-97.92955689,30.01809767
1365,0,-97.93046125,30.19253939
1366,0,-97.94548766,30.16312056
1367,0,-97.9546721,30.01339359
1368,0,-97.93227194,30.067428
1369,0,-97.99374595,30.28787485
1370,0,-97.92819675,30.11285953
1371,0,-97.99995163,30.28630574
1372,0,-97.97723455,30.4664853
1373,0,-97.92670834,30.35468056
1374,0,-97.98142075,30.41137261
1375,0,-97.96485194,30.03585254
1376,0,-97.98430819,30.06334639
1377,0,-97.92432658,30.47048937
1378,0,-97.94914658,30.17272809
1379,0,-97.94204179,30.46886849
1380,1,-97.99526025,30.25574016
1381,0,-97.95476456,30.41857397
1382,0,-97.97846951,30.35330493
1383,0,-97.92372959,30.28530506
1384,0,-97.95347223,30.40089887
1385,0,-97.92038336,30.09412208
1386,0,-97.95221035,30.12156013
1387,0,-97.92535711,30.4547403
1388,0,-97.9902801,30.3878579
1389,0,-97.9357443,30.45782874
1390,0,-97.93875496,30.33789285
1391,0,-97.92039498,30.24645356
1392,0,-97.92789994,30.09746298
1393,0,-97.98882859,30.21396892
1394,0,-97.96550175,30.02738854
1395,0,-97.93790422,30.18406242
1396,0,-97.92306345,30.09554902
1397,0,-97.93463987,30.20077586
1398,0,-97.92162257,30.45286884
1399,0,-97.93871723,30.27628901
1400,0,-97.99571625,30.39395535
1401,0,-97.93120559,30.27598819
1402,0,-97.94549756,30.20429448
1403,0,-97.96441427,30.12365945
1404,0,-97.99533654,30.21387975
1405,0,-97.94027051,30.16112198
1406,0,-97.92604298,30.00060987
1407,0,-97.99603873,30.48561624
1408,0,-97.99890283,30.38934975
1409,0,-97.94731158,30.1861228
1410,0,-97.97075638,30.40029576
1411,0,-97.92169089,30.2458988
1412,0,-97.92425311,30.41045443
1413,0,-97.93634276,30.18062476
1414,0,-97.94820769,30.20142505
1415,0,-97.92215069,30.40310047
1416,0,-97.93520437,30.20017675
1417,0,-97.93033681,30.08305435
1418,0,-97.98958518,30.48566926
1419,0,-97.93538178,30.2877084
1420,0,-97.99160845,30.48471872
1421,0,-97.93387688,30.38806924
1422,0,-97.93735441,30.06930669
1423,0,-97.96279307,30.17567822
1424,0,-97.94450421,30.28329934
1425,0,-97.92693522,30.44811285
1426,1,-97.98947075,30.05440539
1427,0,-97.99645953,30.12369448
1428,0,-97.9298148,30.2902695
1429,0,-97.98924518,30.49537777
1430,0,-97.92427071,30.4639612
1431,0,-97.96508786,30.47461701
1432,0,-97.97658508,30.38962934
1433,0,-97.94886696,30.08264814
1434,0,-97.94976316,30.00888004
1435,0,-97.94261132,30.08506516
1436,0,-97.97698708,30.48173398
1437,0,-97.93817494,30.38097531
1438,0,-97.98412666,30.41655554
1439,0,-97.92897226,30.19203429
1440,0,-97.98619321,30.21770984
1441,0,-97.93455951,30.01914941
1442,0,-97.93802119,30.00226884
1443,0,-97.94283192,30.20367776
1444,0,-97.92715138,30.39246268
1445,0,-97.92359066,30.17901428
1446,0,-97.96594684,30.02914936
1447,0,-97.93053592,30.28391538
1448,0,-97.9329754,30.16264056
1449,0,-97.9950078,30.20617814
1450,0,-97.95403912,30.48173489
1451,0,-97.95329173,30.40002992
1452,0,-97.94235142,30.2076401
1453,0,-97.96579877,30.41505242
1454,0,-97.99917929,30.12239927
1455,0,-97.96921317,30.40860974
1456,0,-97.94348436,30.45803213
1457,0,-97.93562474,30.28449146
1458,0,-97.94754757,30.09223024
1459,0,-97.96030645,30.47097685
1460,0,-97.9477282,30.19125777
1461,0,-97.92106053,30.26902616
1462,0,-97.99580301,30.47309009
1463,0,-97.94401876,30.17192481
1464,0,-97.92954898,30.11004122
1465,0,-97.97671862,30.48192157
1466,0,-97.93778875,30.40745033
1467,0,-97.99052573,30.40295787
1468,0,-97.98843792,30.41323037
1469,0,-97.92543087,30.35587481
1470,0,-97.92778096,30.20563504
1471,0,-97.9331245,30.00278175
1472,1,-97.94864394,30.40367425
1473,0,-97.98400727,30.3943144
1474,0,-97.98959625,30.39449654
1475,0,-97.93181074,30.1611417
1476,0,-97.93214427,30.057391
1477,0,-97.95847299,30.0284621
1478,0,-97.99134294,30.21742987
1479,0,-97.98576836,30.4070475
1480,0,-97.94217473,30.3863419
1481,0,-97.9650195,30.4713804
1482,0,-97.94533044,30.09180802
1483,0,-97.94295498,30.01098745
1484,0,-97.93814316,30.01330491
1485,0,-97.97956668,30.47666841
1486,0,-97.96193837,30.43649568
1487,0,-97.94218815,30.2038923
1488,0,-97.92571879,30.09816576
1489,0,-97.92048449,30.40991048
1490,0,-97.92233307,30.36111632
1491,0,-97.93565078,30.1695791
1492,0,-97.94811858,30.19034285
1493,0,-97.93449023,30.05683927
1494,0,-97.99886589,30.11129925
1495,0,-97.97084698,30.16016003
1496,0,-97.93798026,30.4625343
1497,0,-97.95828338,30.43651156
1498,0,-97.93223574,30.28111358
1499,0,-97.96280899,30.12189434
1500,0,-97.93617215,30.08597728
1501,0,-97.96837119,30.17516356
1502,0,-97.98097465,30.40890189
1503,0,-97.92928143,30.44971567
1504,0,-97.93605764,30.38590502
1505,0,-97.95379575,30.27923341
1506,0,-97.93285552,30.33434723
1507,0,-97.93348193,30.10609213
1508,0,-97.93588315,30.01275167
1509,0,-97.95028882,30.19487854
1510,0,-97.98999158,30.46540633
1511,0,-97.95074388,30.17877001
1512,0,-97.96078267,30.02616107
1513,0,-97.9358608,30.46985286
1514,0,-97.97086317,30.39241008
1515,0,-97.93339686,30.27344622
1516,0,-97.92761862,30.0048537
1517,0,-97.92179963,30.17368927
1518,1,-97.9759976,30.38807825
1519,0,-97.92001623,30.37840762
1520,0,-97.92484685,30.28218449
1521,0,-97.92829316,30.15637868
1522,0,-97.96439346,30.18002922
1523,0,-97.93719514,30.37282872
1524,0,-97.93821334,30.10012705
1525,0,-97.9704863,30.42230755
1526,0,-97.94038161,30.19098384
1527,0,-97.99512736,30.12269163
1528,0,-97.93793497,30.01353796
1529,0,-97.92047904,30.05937005
1530,0,-97.97690393,30.48092993
1531,0,-97.95438908,30.46532121
1532,0,-97.93692335,30.27974092
1533,0,-97.94235849,30.17346658
1534,0,-97.9601884,30.02184129
1535,0,-97.93560514,30.38857309
1536,0,-97.988204,30.40489963
1537,0,-97.92348718,30.34568668
1538,0,-97.92947148,30.28979685
1539,0,-97.93961844,30.34108102
1540,0,-97.96303364,30.42045802
1541,0,-97.96130681,30.03289566
1542,0,-97.93845876,30.00916644
1543,0,-97.96211627,30.42125988
1544,0,-97.9475245,30.27242377
1545,0,-97.93736678,30.06224222
1546,0,-97.92320862,30.2992177
1547,0,-97.95794528,30.42293463
1548,0,-97.93111287,30.46920463
1549,0,-97.94125065,30.1003787
1550,0,-97.94097188,30.4489786
1551,0,-97.92445789,30.10456122
1552,0,-97.95932704,30.42909869
1553,0,-97.99800574,30.45888842
1554,0,-97.95328148,30.02008438
1555,0,-97.94000212,30.3387662
1556,0,-97.94329465,30.37278231
1557,0,-97.94243932,30.10847133
1558,0,-97.98580423,30.1821438
1559,0,-97.94892484,30.28174194
1560,0,-97.93984274,30.15860908
1561,0,-97.93160335,30.09763024
1562,0,-97.99520644,30.19639598
1563,0,-97.93755308,30.45221837
1564,1,-97.9768634,30.47454485
1565,0,-97.93103622,30.45527579
1566,0,-97.96279414,30.18261175
1567,0,-97.98956927,30.19201269
1568,0,-97.92205765,30.39285741
1569,0,-97.97911482,30.34897895
1570,0,-97.95401804,30.1745846
1571,0,-97.93964788,30.10720795
1572,0,-97.92125679,30.41373997
1573,0,-97.92961353,30.01119147
1574,0,-97.9305148,30.16478533
1575,0,-97.92348021,30.15961143
1576,0,-97.93133863,30.08006357
1577,0,-97.92040166,30.21042477
1578,0,-97.92038072,30.34754883
1579,0,-97.94599953,30.46589067
1580,0,-97.92997409,30.39054954
1581,0,-97.9292873,30.34442366
1582,0,-97.94250846,30.19490711
1583,0,-97.94860588,30.1853719
1584,0,-97.96394389,30.08418753
1585,0,-97.99444939,30.27603329
1586,0,-97.94213119,30.07957694
1587,0,-97.9297635,30.34652014
1588,0,-97.92272092,30.00665208
1589,0,-97.94062461,30.45236723
1590,0,-97.9292274,30.37774461
1591,0,-97.94148503,30.20216966
1592,0,-97.9307388,30.17961555
1593,0,-97.92024253,30.36200946
1594,0,-97.96896782,30.03594285
1595,0,-97.92092481,30.386439
1596,0,-97.92352136,30.38285473
1597,0,-97.94862813,30.1026797
1598,0,-97.94814007,30.45591013
1599,0,-97.92878947,30.35531876
1600,0,-97.99909135,30.39436605
1601,0,-97.93092801,30.17010044
1602,0,-97.9775835,30.41134666
1603,0,-97.92005194,30.1808723
1604,0,-97.95637029,30.46932202
1605,0,-97.93237527,30.1608445
1606,0,-97.94928083,30.12072881
1607,0,-97.93838434,30.08084713
1608,0,-97.92803224,30.36911301
1609,0,-97.92786287,30.11361145
1610,1,-97.97672613,30.42296319
1611,0,-97.92562751,30.3968546
1612,0,-97.99425721,30.12001648
1613,0,-97.99528862,30.11855147
1614,0,-97.9412369,30.09301845
1615,0,-97.9519314,30.47265732
1616,0,-97.96542245,30.16263645
1617,0,-97.948638,30.0012527
1618,0,-97.95682059,30.10462521
1619,0,-97.94942111,30.16515154
1620,0,-97.9903205,30.49436329
1621,0,-97.92467512,30.09610993
1622,0,-97.92989264,30.35341656
1623,0,-97.93291152,30.34042126
1624,0,-97.94904937,30.16919115
1625,0,-97.9785011,30.21923076
1626,0,-97.92049736,30.31970494
1627,0,-97.93334999,30.38067738
1628,0,-97.94390534,30.00852416
1629,0,-97.96217436,30.08548292
1630,0,-97.94201785,30.36807285
1631,0,-97.9269018,30.34262916
1632,0,-97.92927375,30.10672897
1633,0,-97.95979365,30.16520267
1634,0,-97.97953299,30.35343392
1635,0,-97.92238075,30.19186488
1636,0,-97.92653147,30.01600955
1637,0,-97.93369389,30.35685039
1638,0,-97.93959717,30.17077764
1639,0,-97.93221729,30.27551024
1640,0,-97.98826053,30.49979278
1641,0,-97.94007334,30.10761561
1642,0,-97.93206843,30.08520107
1643,0,-97.99840763,30.29358604
1644,0,-97.94930957,30.18005477
1645,0,-97.95835543,30.44160425
1646,0,-97.92377736,30.28602262
1647,0,-97.95969233,30.01943732
1648,0,-97.92914099,30.0123747
1649,0,-97.93229477,30.28822811
1650,0,-97.99793852,30.481177
1651,0,-97.92223768,30.34544727
1652,0,-97.95517726,30.44270016
1653,0,-97.94100308,30.4543073
1654,0,-97.93364606,30.3730776
1655,0,-97.92927235,30.0170394
1656,1,-97.95550145,30.46313375
1657,0,-97.95530714,30.1154205
1658,0,-97.99490121,30.2899173
1659,0,-97.94044934,30.09965418
1660,0,-97.92553304,30.31675463
1661,0,-97.99797561,30.21758827
1662,0,-97.95063167,30.20900995
1663,0,-97.92190912,30.16723484
1664,0,-97.94709706,30.10656519
1665,0,-97.93167027,30.36071768
1666,0,-97.93762392,30.27951266
1667,0,-97.94437661,30.37298784
1668,0,-97.93255246,30.28952122
1669,0,-97.93243084,30.46698722
1670,0,-97.93177995,30.07028253
1671,0,-97.92253251,30.41154046
1672,0,-97.92912749,30.36144746
1673,0,-97.92455197,30.06886024
1674,0,-97.99928706,30.20061188
1675,0,-97.99257996,30.40628205
1676,0,-97.99946375,30.46771542
1677,0,-97.94816842,30.07598521
1678,0,-97.9320065,30.10979602
1679,0,-97.92056133,30.39646786
1680,0,-97.92909637,30.35539101
1681,0,-97.98697916,30.1830199
1682,0,-97.96754337,30.08033226
1683,0,-97.95660015,30.09957508
1684,0,-97.99255517,30.4073326
1685,0,-97.94508524,30.02193408
1686,0,-97.92117415,30.18536878
1687,0,-97.92328362,30.29973006
1688,0,-97.9403229,30.27527073
1689,0,-97.99168058,30.19505694
1690,0,-97.95115486,30.12330105
1691,0,-97.93053619,30.00107623
1692,0,-97.92686287,30.00381996
1693,0,-97.93697952,30.08819818
1694,0,-97.99900336,30.49544122
1695,0,-97.93369068,30.38035768
1696,0,-97.92839571,30.17913127
1697,0,-97.92737086,30.46603003
1698,0,-97.92510676,30.4034176
1699,0,-97.96373134,30.03300929
1700,0,-97.92567475,30.39950124
1701,0,-97.98468066,30.21567256
1702,1,-97.98830862,30.40771824
1703,0,-97.96403827,30.07831141
1704,0,-97.9274404,30.06308578
1705,0,-97.93595619,30.28038796
1706,0,-97.95424409,30.18072692
1707,0,-97.926822,30.45114295
1708,0,-97.92443707,30.15521688
1709,0,-97.93554039,30.17141872
1710,0,-97.93677839,30.3860527
1711,0,-97.92700384,30.27368509
1712,0,-97.94974551,30.19932768
1713,0,-97.93349703,30.34912776
1714,0,-97.94480423,30.10544595
1715,0,-97.93128892,30.01341595
1716,0,-97.92851329,30.05571449
1717,0,-97.92000096,30.27517909
1718,0,-97.95407048,30.08306174
1719,0,-97.94789773,30.20511127
1720,0,-97.99643923,30.46636428
1721,0,-97.98977053,30.21599332
1722,0,-97.94110284,30.08283192
1723,0,-97.92295165,30.26843701
1724,0,-97.96271172,30.16694359
1725,0,-97.93472379,30.16437213
1726,0,-97.93398035,30.11630401
1727,0,-97.92259635,30.2098707
1728,0,-97.95917231,30.12700193
1729,0,-97.99811693,30.29466508
1730,0,-97.92856735,30.18184713
1731,0,-97.92915792,30.34259399
1732,0,-97.94411151,30.37428148
1733,0,-97.93621469,30.01574854
1734,0,-97.92474404,30.29330478
1735,0,-97.9292904,30.07328194
1736,0,-97.92609268,30.29186916
1737,0,-97.94557006,30.17615597
1738,0,-97.93581773,30.37186445
1739,0,-97.9449899,30.0172491
1740,0,-97.92292536,30.08080926
1741,0,-97.9441659,30.07504857
1742,0,-97.93903321,30.10098527
1743,0,-97.92135229,30.30636205
1744,0,-97.93971564,30.01285674
1745,0,-97.95702127,30.09094772
1746,0,-97.93978764,30.16723218
1747,0,-97.95291039,30.00674151
1748,1,-97.93787853,30.09038259
1749,0,-97.9524236,30.19111619
1750,0,-97.94799203,30.12022592
1751,0,-97.95072842,30.11779156
1752,0,-97.92649792,30.27214184
1753,0,-97.92212186,30.16142698
1754,0,-97.93956398,30.36479271
1755,0,-97.92993214,30.06809227
1756,0,-97.96610397,30.03448836
1757,0,-97.95920011,30.4370317
1758,0,-97.93279271,30.34872281
1759,0,-97.93138596,30.3712547
1760,0,-97.93437535,30.38085643
1761,0,-97.92397229,30.29212312
1762,0,-97.92931614,30.27971977
1763,0,-97.96373832,30.12026451
1764,0,-97.9203921,30.29352784
1765,0,-97.93083488,30.11744552
1766,0,-97.99672358,30.49283816
1767,0,-97.9206522,30.20314449
1768,0,-97.9676574,30.03453543
1769,0,-97.9943342,30.11800026
1770,0,-97.99934015,30.10433291
1771,0,-97.92085477,30.27449782
1772,0,-97.92376895,30.28460171
1773,0,-97.9302861,30.37182612
1774,0,-97.93365817,30.19891519
1775,0,-97.96169786,30.02072966
1776,0,-97.96067537,30.18360044
1777,0,-97.92221265,30.27130094
1778,0,-97.99132763,30.49078752
1779,0,-97.94085663,30.1604446
1780,0,-97.94778361,30.16941682
1781,0,-97.92620233,30.45026966
1782,0,-97.99552648,30.20626285
1783,0,-97.92687331,30.33392807
1784,0,-97.94429565,30.07232378
1785,0,-97.94078476,30.20137653
1786,0,-97.92804662,30.2744732
1787,0,-97.99955103,30.0025197
1788,0,-97.96345122,30.12183059
1789,0,-97.92775874,30.2802874
1790,0,-97.92197598,30.37264194
1791,0,-97.92688635,30.37962247
1792,0,-97.92062873,30.36762559
1793,0,-97.93841981,30.15731895
1794,1,-97.9216739,30.38507409
1795,0,-97.99383135,30.2797478
1796,0,-97.94460356,30.16610533
1797,0,-97.95027519,30.16380563
1798,0,-97.94822776,30.18043716
1799,0,-97.93818588,30.27420024
1800,0,-97.96252593,30.17023563
1801,0,-97.92689962,30.36291909
1802,0,-97.9397894,30.0704008
1803,0,-97.95107545,30.11620398
1804,0,-97.92744075,30.16055443
1805,0,-97.94533052,30.16238585
1806,0,-97.92261665,30.26508193
1807,0,-97.94239896,30.16777212
1808,0,-97.94182188,30.11632041
1809,0,-97.92598647,30.06963957
1810,0,-97.99968911,30.18505936
1811,0,-97.95880629,30.43779997
1812,0,-97.99418841,30.46218446
1813,0,-97.96431286,30.16937585
1814,0,-97.93439152,30.44845125
1815,0,-97.92288393,30.16653305
1816,0,-97.99794142,30.29097644
1817,0,-97.93074446,30.02187142
1818,0,-97.93283387,30.00413392
1819,0,-97.94211665,30.28400161
1820,0,-97.93733154,30.1169442
1821,0,-97.92492116,30.4643415
1822,0,-97.92505107,30.46957708
1823,0,-97.93385478,30.33917806
1824,0,-97.95294489,30.12695077
1825,0,-97.9250638,30.27970557
1826,0,-97.92261093,30.47115224
1827,0,-97.93644449,30.18102478
1828,0,-97.92941601,30.00824165
1829,0,-97.93937636,30.18030428
1830,0,-97.95650232,30.11642555
1831,0,-97.95823219,30.02007985
1832,0,-97.92966962,30.15856776
1833,0,-97.95157817,30.27863234
1834,0,-97.93727255,30.00538619
1835,0,-97.96564402,30.17088042
1836,0,-97.94073247,30.202171
1837,0,-97.93711159,30.16132967
1838,0,-97.93498604,30.35295489
1839,0,-97.93837605,30.20025516
1840,1,-97.9281347,30.19771037
1841,0,-97.95617531,30.12369105
1842,0,-97.92467748,30.06997276
1843,0,-97.93161706,30.11479457
1844,0,-97.92300961,30.44521883
1845,0,-97.99470203,30.28195531
1846,0,-97.93561769,30.18062274
1847,0,-97.92040718,30.07898832
1848,0,-97.9589093,30.12517958
1849,0,-97.95005628,30.0158982
1850,0,-97.96427176,30.11986823
1851,0,-97.93126816,30.05746319
1852,0,-97.97105709,30.04369324
1853,0,-97.94253331,30.16733941
1854,0,-97.92909151,30.0102556
1855,0,-97.99923733,30.29027407
1856,0,-97.96725448,30.17117275
1857,0,-97.92391814,30.44455496
1858,0,-97.92832315,30.29068365
1859,0,-97.94691651,30.18538278
1860,0,-97.93046064,30.34433836
1861,0,-97.99805167,30.48044246
1862,0,-97.92862801,30.28283466
1863,0,-97.92050792,30.44758077
1864,0,-97.92673365,30.35673084
1865,0,-97.96516316,30.17695885
1866,0,-97.93739879,30.01093316
1867,0,-97.9423493,30.44606786
1868,0,-97.95672633,30.09926138
1869,0,-97.98782331,30.18218504
1870,0,-97.9221373,30.29477407
1871,0,-97.9962266,30.18657096
1872,0,-97.92238707,30.00075443
1873,0,-97.92611673,30.27840651
1874,0,-97.98030478,30.22145863
1875,0,-97.93901731,30.27857667
1876,0,-97.97386189,30.17424549
1877,0,-97.9266438,30.01085466
1878,0,-97.9701723,30.16022164
1879,0,-97.99925965,30.48023459
1880,0,-97.92717863,30.11260162
1881,0,-97.92407445,30.46665839
1882,0,-97.99718918,30.11967072
1883,0,-97.92203305,30.03243438
1884,0,-97.99708633,30.20952294
1885,0,-97.95304713,30.1661183
1886,1,-97.9206238,30.46761708
1887,0,-97.95703793,30.17379223
1888,0,-97.95626906,30.18620026
1889,0,-97.94310252,30.38075119
1890,0,-97.99976167,30.12364064
1891,0,-97.92022619,30.2880652
1892,0,-97.99833846,30.10056743
1893,0,-97.95339986,30.16901524
1894,0,-97.92753008,30.02287262
1895,0,-97.92057417,30.27721083
1896,0,-97.96526795,30.124236
1897,0,-97.92181468,30.17502475
1898,0,-97.99423868,30.18886288
1899,0,-97.96115724,30.11633122
1900,0,-97.92484441,30.10791903
1901,0,-97.95360365,30.43942264
1902,0,-97.93730159,30.2728397
1903,0,-97.93289492,30.1595503
1904,0,-97.9261782,30.17081435
1905,0,-97.94158452,30.28060989
1906,0,-97.9521873,30.20926105
1907,0,-97.99802214,30.45865477
1908,0,-97.92849304,30.34464041
1909,0,-97.96037388,30.01791199
1910,0,-97.92036466,30.32740559
1911,0,-97.95502616,30.10764404
1912,0,-97.98898543,30.19035275
1913,0,-97.9485512,30.11571017
1914,0,-97.99902555,30.28476562
1915,0,-97.97842249,30.34464343
1916,0,-97.95667321,30.10740408
1917,0,-97.95627019,30.07907691
1918,0,-97.97831767,30.17850713
1919,0,-97.92920781,30.35443929
1920,0,-97.96382801,30.04045295
1921,0,-97.92661453,30.35544423
1922,0,-97.92595267,30.00475304
1923,0,-97.96362303,30.08779388
1924,0,-97.96190565,30.07781368
1925,0,-97.96206369,30.17374269
1926,0,-97.92811943,30.29744373
1927,0,-97.92202551,30.05835548
1928,0,-97.9634818,30.02422758
1929,0,-97.96311051,30.03750565
1930,0,-97.92201937,30.32125674
1931,0,-97.95477342,30.18958025
1932,1,-97.99899381,30.38348957
1933,0,-97.94162955,30.11699904
1934,0,-97.93113052,30.05779548
1935,0,-97.94507831,30.02059365
1936,0,-97.93459031,30.17316997
1937,0,-97.94517202,30.17949919
1938,0,-97.95313975,30.2127071
1939,0,-97.96190585,30.02342333
1940,0,-97.94611206,30.16542066
1941,0,-97.93489858,30.36808619
1942,0,-97.93305399,30.28230056
1943,0,-97.9918912,30.19046714
1944,0,-97.92224577,30.00790846
1945,0,-97.93539467,30.28590897
1946,0,-97.92863741,30.0182814
1947,0,-97.93601611,30.28170034
1948,0,-97.96379743,30.1289135
1949,0,-97.95162025,30.12391902
1950,0,-97.993246,30.49952207
1951,0,-97.97107701,30.17346483
1952,0,-97.92465816,30.28004828
1953,0,-97.9998535,30.19292481
1954,0,-97.94917227,30.21441301
1955,0,-97.99799778,30.45809761
1956,0,-97.94042397,30.00817817
1957,0,-97.92716258,30.05339162
1958,0,-97.94462508,30.00363726
1959,0,-97.92323825,30.28236748
1960,0,-97.96029943,30.16997529
1961,0,-97.93494376,30.16082876
1962,0,-97.95309844,30.27131864
1963,0,-97.98178275,30.22063268
1964,0,-97.9940844,30.48770094
1965,0,-97.92072078,30.04556786
1966,0,-97.92484916,30.31779355
1967,0,-97.99750424,30.47040535
1968,0,-97.92498045,30.06259045
1969,0,-97.93275342,30.15856938
1970,0,-97.96549573,30.12046157
1971,0,-97.94966423,30.01625094
1972,0,-97.93106295,30.02174829
1973,0,-97.97783775,30.34620079
1974,0,-97.96439348,30.02330407
1975,0,-97.94261436,30.009211
1976,0,-97.99927012,30.46769162
1977,0,-97.98885919,30.21270086
